<?xml version="1.0" encoding="UTF-8"?>
<beans xmlns="http://www.springframework.org/schema/beans"
	xmlns:xsi="http://www.w3.org/2001/XMLSchema-instance"
	xmlns:context="http://www.springframework.org/schema/context"
	xmlns:p="http://www.springframework.org/schema/p"
	xsi:schemaLocation="http://www.springframework.org/schema/beans
https://www.springframework.org/schema/beans/spring-beans.xsd
http://www.springframework.org/schema/context
http://www.springframework.org/schema/context/spring-context.xsd">

	<bean id="s2" class="com.core.student.StudentPojo">
		<property name="subjects">
			<list>
				<value>maths</value>
				<value>physics</value>
				<value>chemistry</value>


			</list>



		</property>

	</bean>


	<bean id="s1" class="com.core.student.StudentEntity">
		<property name="name" value="suhasini"></property>
		<property name="classes" value="mca"></property>
		<property name="age" value="21"></property>
		<property name="city" value="kdr"></property>
		<property name="pojo" ref="s2"></property>




	</bean>
</beans>
